{
  "pretrain_losses": [
    0.10173445198530207,
    0.046223224179384806,
    0.03513089834620206,
    0.02665695531692463,
    0.02356497799686064,
    0.021840430784244507,
    0.020612193738666778,
    0.019562550653783848,
    0.0189191790553518,
    0.018135090081836468,
    0.017314579669600382,
    0.01664806192758651,
    0.01592715092586538,
    0.015250040483051024,
    0.014658914459422944,
    0.013982868634354764,
    0.013244777806281758,
    0.012699174255091018,
    0.011933985646790305,
    0.01141823044815919,
    0.010662144798333176,
    0.0102003430285619,
    0.009499524492389572,
    0.009104452971458293,
    0.008596715344020877,
    0.00811604274765621,
    0.007897030298089304,
    0.007622595858788445,
    0.007133875334726129,
    0.006941941043175311,
    0.006703040192123895,
    0.006474584518461682,
    0.0062146656995880215,
    0.00608933287326428,
    0.0059094157548972405,
    0.005779773878199926,
    0.005512976941590111,
    0.005381456357218658,
    0.005277967017803031,
    0.005088846251750127,
    0.005000927743461793,
    0.00492140304357834,
    0.004846851438687096,
    0.004707368800538211,
    0.004581851232350586,
    0.004473982544165081,
    0.00447817854540491,
    0.004338902344677252,
    0.00422733333551313,
    0.004119589229342349,
    0.004194429189894912,
    0.00417395690150582,
    0.004004541782665248,
    0.004061603682540051,
    0.003869403859727998,
    0.003876449155305831,
    0.003733103035641581,
    0.0037873568692647764,
    0.003662385413487897,
    0.0035418586315625845,
    0.0035066367254388657,
    0.003414888748342689,
    0.0036349937921079743,
    0.003417859483643594,
    0.0034950396236937535,
    0.0033163020132796115,
    0.0034039699181076734,
    0.003265937015071315,
    0.003245560461756611,
    0.003140059043132602,
    0.0032302230812635974,
    0.003139424641997317,
    0.003137503330243942,
    0.0030741869892159583,
    0.0029551585209037076,
    0.003055062413414808,
    0.003091864826715776,
    0.003028721822313771,
    0.0028551173543647904,
    0.002777952031930165
  ],
  "n_epochs": 80,
  "n_demo_steps": 20000,
  "expert_mean_reward": 500.0,
  "note": "Normalised Q-targets [0.3,1.0]. Final loss near 0 = good fit."
}